INSERT INTO feature_group (id,title,category_identifier,is_active) VALUES (1,'Home Page',-1,1);
INSERT INTO feature_group (id,title,category_identifier,is_active) VALUES (2,'The Guardian',1,1);
INSERT INTO feature_group (id,title,category_identifier,is_active) VALUES (3,'প্রথম আলো',2,1);
INSERT INTO feature_group (id,title,category_identifier,is_active) VALUES (4,'Sports',0,1);
INSERT INTO feature_group (id,title,category_identifier,is_active) VALUES (5,'Lifestyle',0,1);
INSERT INTO feature_group (id,title,category_identifier,is_active) VALUES (6,'আনন্দবাজার পত্রিকা',3,1);
INSERT INTO feature_group (id,title,category_identifier,is_active) VALUES (7,'The Daily Star',4,1);
INSERT INTO feature_group (id,title,category_identifier,is_active) VALUES (8,'The Indian Express',5,1);
INSERT INTO feature_group (id,title,category_identifier,is_active) VALUES (9,'দৈনিক ইত্তেফাক',6,1);
INSERT INTO feature_group (id,title,category_identifier,is_active) VALUES (10,'The Times of India',7,1);
INSERT INTO feature_group (id,title,category_identifier,is_active) VALUES (11,'Daily Mirror',8,1);
INSERT INTO feature_group (id,title,category_identifier,is_active) VALUES (12,'Dhaka Tribune',9,1);
INSERT INTO feature_group (id,title,category_identifier,is_active) VALUES (13,'বাংলাদেশ প্রতিদিন',10,1);
INSERT INTO feature_group (id,title,category_identifier,is_active) VALUES (14,'Dawn',11,1);
INSERT INTO feature_group (id,title,category_identifier,is_active) VALUES (15,'Cricket',0,1);
INSERT INTO feature_group (id,title,category_identifier,is_active) VALUES (16,'Politics',0,1);
INSERT INTO feature_group (id,title,category_identifier,is_active) VALUES (17,'Dhaka',0,1);
INSERT INTO feature_group (id,title,category_identifier,is_active) VALUES (18,'Editorial',0,1);
INSERT INTO feature_group (id,title,category_identifier,is_active) VALUES (19,'Business',0,1);
INSERT INTO feature_group (id,title,category_identifier,is_active) VALUES (20,'Environment',0,1);
INSERT INTO feature_group (id,title,category_identifier,is_active) VALUES (21,'Entertainment',0,1);
INSERT INTO feature_group (id,title,category_identifier,is_active) VALUES (22,'Stock Market',0,1);
INSERT INTO feature_group (id,title,category_identifier,is_active) VALUES (23,'Travel',0,1);
INSERT INTO feature_group (id,title,category_identifier,is_active) VALUES (24,'Food',0,1);
INSERT INTO feature_group (id,title,category_identifier,is_active) VALUES (25,'US News',0,1);
INSERT INTO feature_group (id,title,category_identifier,is_active) VALUES (26,'Health',0,1);
INSERT INTO feature_group (id,title,category_identifier,is_active) VALUES (27,'Style & Fashion',0,1);
INSERT INTO feature_group (id,title,category_identifier,is_active) VALUES (28,'কালের কণ্ঠ',12,1);
INSERT INTO feature_group (id,title,category_identifier,is_active) VALUES (29,'যুগান্তর',13,1);
INSERT INTO feature_group (id,title,category_identifier,is_active) VALUES (30,'The Financial Express',14,1);
INSERT INTO feature_group (id,title,category_identifier,is_active) VALUES (31,'বণিক বার্তা',15,1);
INSERT INTO feature_group (id,title,category_identifier,is_active) VALUES (32,'ভোরের কাগজ',16,1);
INSERT INTO feature_group (id,title,category_identifier,is_active) VALUES (33,'New Age',17,1);
INSERT INTO feature_group (id,title,category_identifier,is_active) VALUES (34,'Daily Sun',18,1);
INSERT INTO feature_group_entry (group_id,member_feature_id) VALUES (1,151);
INSERT INTO feature_group_entry (group_id,member_feature_id) VALUES (1,1);
INSERT INTO feature_group_entry (group_id,member_feature_id) VALUES (1,273);
INSERT INTO feature_group_entry (group_id,member_feature_id) VALUES (1,808);
INSERT INTO feature_group_entry (group_id,member_feature_id) VALUES (1,637);
INSERT INTO feature_group_entry (group_id,member_feature_id) VALUES (1,248);
INSERT INTO feature_group_entry (group_id,member_feature_id) VALUES (2,151);
INSERT INTO feature_group_entry (group_id,member_feature_id) VALUES (2,143);
INSERT INTO feature_group_entry (group_id,member_feature_id) VALUES (2,152);
INSERT INTO feature_group_entry (group_id,member_feature_id) VALUES (2,153);
INSERT INTO feature_group_entry (group_id,member_feature_id) VALUES (3,1);
INSERT INTO feature_group_entry (group_id,member_feature_id) VALUES (3,2);
INSERT INTO feature_group_entry (group_id,member_feature_id) VALUES (3,3);
INSERT INTO feature_group_entry (group_id,member_feature_id) VALUES (3,4);
INSERT INTO feature_group_entry (group_id,member_feature_id) VALUES (3,23);
INSERT INTO feature_group_entry (group_id,member_feature_id) VALUES (4,146);
INSERT INTO feature_group_entry (group_id,member_feature_id) VALUES (4,9);
INSERT INTO feature_group_entry (group_id,member_feature_id) VALUES (4,385);
INSERT INTO feature_group_entry (group_id,member_feature_id) VALUES (4,816);
INSERT INTO feature_group_entry (group_id,member_feature_id) VALUES (4,251);
INSERT INTO feature_group_entry (group_id,member_feature_id) VALUES (4,576);
INSERT INTO feature_group_entry (group_id,member_feature_id) VALUES (5,148);
INSERT INTO feature_group_entry (group_id,member_feature_id) VALUES (5,14);
INSERT INTO feature_group_entry (group_id,member_feature_id) VALUES (5,584);
INSERT INTO feature_group_entry (group_id,member_feature_id) VALUES (5,541);
INSERT INTO feature_group_entry (group_id,member_feature_id) VALUES (5,278);
INSERT INTO feature_group_entry (group_id,member_feature_id) VALUES (6,213);
INSERT INTO feature_group_entry (group_id,member_feature_id) VALUES (6,232);
INSERT INTO feature_group_entry (group_id,member_feature_id) VALUES (6,211);
INSERT INTO feature_group_entry (group_id,member_feature_id) VALUES (6,223);
INSERT INTO feature_group_entry (group_id,member_feature_id) VALUES (7,248);
INSERT INTO feature_group_entry (group_id,member_feature_id) VALUES (7,249);
INSERT INTO feature_group_entry (group_id,member_feature_id) VALUES (7,250);
INSERT INTO feature_group_entry (group_id,member_feature_id) VALUES (7,252);
INSERT INTO feature_group_entry (group_id,member_feature_id) VALUES (8,272);
INSERT INTO feature_group_entry (group_id,member_feature_id) VALUES (8,273);
INSERT INTO feature_group_entry (group_id,member_feature_id) VALUES (8,275);
INSERT INTO feature_group_entry (group_id,member_feature_id) VALUES (8,274);
INSERT INTO feature_group_entry (group_id,member_feature_id) VALUES (9,366);
INSERT INTO feature_group_entry (group_id,member_feature_id) VALUES (9,369);
INSERT INTO feature_group_entry (group_id,member_feature_id) VALUES (9,368);
INSERT INTO feature_group_entry (group_id,member_feature_id) VALUES (9,367);
INSERT INTO feature_group_entry (group_id,member_feature_id) VALUES (10,382);
INSERT INTO feature_group_entry (group_id,member_feature_id) VALUES (10,493);
INSERT INTO feature_group_entry (group_id,member_feature_id) VALUES (10,388);
INSERT INTO feature_group_entry (group_id,member_feature_id) VALUES (10,389);
INSERT INTO feature_group_entry (group_id,member_feature_id) VALUES (11,588);
INSERT INTO feature_group_entry (group_id,member_feature_id) VALUES (11,589);
INSERT INTO feature_group_entry (group_id,member_feature_id) VALUES (11,590);
INSERT INTO feature_group_entry (group_id,member_feature_id) VALUES (11,595);
INSERT INTO feature_group_entry (group_id,member_feature_id) VALUES (12,637);
INSERT INTO feature_group_entry (group_id,member_feature_id) VALUES (12,638);
INSERT INTO feature_group_entry (group_id,member_feature_id) VALUES (12,639);
INSERT INTO feature_group_entry (group_id,member_feature_id) VALUES (12,640);
INSERT INTO feature_group_entry (group_id,member_feature_id) VALUES (13,737);
INSERT INTO feature_group_entry (group_id,member_feature_id) VALUES (13,738);
INSERT INTO feature_group_entry (group_id,member_feature_id) VALUES (13,740);
INSERT INTO feature_group_entry (group_id,member_feature_id) VALUES (13,739);
INSERT INTO feature_group_entry (group_id,member_feature_id) VALUES (14,754);
INSERT INTO feature_group_entry (group_id,member_feature_id) VALUES (14,756);
INSERT INTO feature_group_entry (group_id,member_feature_id) VALUES (14,758);
INSERT INTO feature_group_entry (group_id,member_feature_id) VALUES (14,757);
INSERT INTO feature_group_entry (group_id,member_feature_id) VALUES (15,71);
INSERT INTO feature_group_entry (group_id,member_feature_id) VALUES (15,186);
INSERT INTO feature_group_entry (group_id,member_feature_id) VALUES (15,872);
INSERT INTO feature_group_entry (group_id,member_feature_id) VALUES (15,690);
INSERT INTO feature_group_entry (group_id,member_feature_id) VALUES (15,313);
INSERT INTO feature_group_entry (group_id,member_feature_id) VALUES (15,604);
INSERT INTO feature_group_entry (group_id,member_feature_id) VALUES (16,23);
INSERT INTO feature_group_entry (group_id,member_feature_id) VALUES (16,595);
INSERT INTO feature_group_entry (group_id,member_feature_id) VALUES (16,811);
INSERT INTO feature_group_entry (group_id,member_feature_id) VALUES (16,647);
INSERT INTO feature_group_entry (group_id,member_feature_id) VALUES (16,367);
INSERT INTO feature_group_entry (group_id,member_feature_id) VALUES (17,376);
INSERT INTO feature_group_entry (group_id,member_feature_id) VALUES (17,812);
INSERT INTO feature_group_entry (group_id,member_feature_id) VALUES (17,648);
INSERT INTO feature_group_entry (group_id,member_feature_id) VALUES (17,30);
INSERT INTO feature_group_entry (group_id,member_feature_id) VALUES (17,255);
INSERT INTO feature_group_entry (group_id,member_feature_id) VALUES (17,738);
INSERT INTO feature_group_entry (group_id,member_feature_id) VALUES (18,183);
INSERT INTO feature_group_entry (group_id,member_feature_id) VALUES (18,61);
INSERT INTO feature_group_entry (group_id,member_feature_id) VALUES (18,310);
INSERT INTO feature_group_entry (group_id,member_feature_id) VALUES (18,700);
INSERT INTO feature_group_entry (group_id,member_feature_id) VALUES (18,252);
INSERT INTO feature_group_entry (group_id,member_feature_id) VALUES (18,235);
INSERT INTO feature_group_entry (group_id,member_feature_id) VALUES (18,764);
INSERT INTO feature_group_entry (group_id,member_feature_id) VALUES (19,173);
INSERT INTO feature_group_entry (group_id,member_feature_id) VALUES (19,503);
INSERT INTO feature_group_entry (group_id,member_feature_id) VALUES (19,53);
INSERT INTO feature_group_entry (group_id,member_feature_id) VALUES (19,250);
INSERT INTO feature_group_entry (group_id,member_feature_id) VALUES (19,640);
INSERT INTO feature_group_entry (group_id,member_feature_id) VALUES (19,757);
INSERT INTO feature_group_entry (group_id,member_feature_id) VALUES (20,179);
INSERT INTO feature_group_entry (group_id,member_feature_id) VALUES (20,698);
INSERT INTO feature_group_entry (group_id,member_feature_id) VALUES (20,144);
INSERT INTO feature_group_entry (group_id,member_feature_id) VALUES (21,10);
INSERT INTO feature_group_entry (group_id,member_feature_id) VALUES (21,531);
INSERT INTO feature_group_entry (group_id,member_feature_id) VALUES (21,530);
INSERT INTO feature_group_entry (group_id,member_feature_id) VALUES (21,277);
INSERT INTO feature_group_entry (group_id,member_feature_id) VALUES (21,258);
INSERT INTO feature_group_entry (group_id,member_feature_id) VALUES (21,554);
INSERT INTO feature_group_entry (group_id,member_feature_id) VALUES (22,52);
INSERT INTO feature_group_entry (group_id,member_feature_id) VALUES (22,176);
INSERT INTO feature_group_entry (group_id,member_feature_id) VALUES (22,686);
INSERT INTO feature_group_entry (group_id,member_feature_id) VALUES (23,583);
INSERT INTO feature_group_entry (group_id,member_feature_id) VALUES (23,149);
INSERT INTO feature_group_entry (group_id,member_feature_id) VALUES (23,338);
INSERT INTO feature_group_entry (group_id,member_feature_id) VALUES (23,108);
INSERT INTO feature_group_entry (group_id,member_feature_id) VALUES (23,625);
INSERT INTO feature_group_entry (group_id,member_feature_id) VALUES (24,706);
INSERT INTO feature_group_entry (group_id,member_feature_id) VALUES (24,115);
INSERT INTO feature_group_entry (group_id,member_feature_id) VALUES (24,334);
INSERT INTO feature_group_entry (group_id,member_feature_id) VALUES (24,553);
INSERT INTO feature_group_entry (group_id,member_feature_id) VALUES (24,201);
INSERT INTO feature_group_entry (group_id,member_feature_id) VALUES (25,41);
INSERT INTO feature_group_entry (group_id,member_feature_id) VALUES (25,590);
INSERT INTO feature_group_entry (group_id,member_feature_id) VALUES (25,153);
INSERT INTO feature_group_entry (group_id,member_feature_id) VALUES (25,493);
INSERT INTO feature_group_entry (group_id,member_feature_id) VALUES (25,675);
INSERT INTO feature_group_entry (group_id,member_feature_id) VALUES (26,630);
INSERT INTO feature_group_entry (group_id,member_feature_id) VALUES (26,705);
INSERT INTO feature_group_entry (group_id,member_feature_id) VALUES (26,265);
INSERT INTO feature_group_entry (group_id,member_feature_id) VALUES (26,333);
INSERT INTO feature_group_entry (group_id,member_feature_id) VALUES (26,552);
INSERT INTO feature_group_entry (group_id,member_feature_id) VALUES (26,555);
INSERT INTO feature_group_entry (group_id,member_feature_id) VALUES (26,203);
INSERT INTO feature_group_entry (group_id,member_feature_id) VALUES (27,614);
INSERT INTO feature_group_entry (group_id,member_feature_id) VALUES (27,613);
INSERT INTO feature_group_entry (group_id,member_feature_id) VALUES (27,200);
INSERT INTO feature_group_entry (group_id,member_feature_id) VALUES (27,542);
INSERT INTO feature_group_entry (group_id,member_feature_id) VALUES (27,335);
INSERT INTO feature_group_entry (group_id,member_feature_id) VALUES (27,105);
INSERT INTO feature_group_entry (group_id,member_feature_id) VALUES (27,703);
INSERT INTO feature_group_entry (group_id,member_feature_id) VALUES (28,776);
INSERT INTO feature_group_entry (group_id,member_feature_id) VALUES (28,777);
INSERT INTO feature_group_entry (group_id,member_feature_id) VALUES (28,779);
INSERT INTO feature_group_entry (group_id,member_feature_id) VALUES (28,780);
INSERT INTO feature_group_entry (group_id,member_feature_id) VALUES (29,808);
INSERT INTO feature_group_entry (group_id,member_feature_id) VALUES (29,810);
INSERT INTO feature_group_entry (group_id,member_feature_id) VALUES (29,811);
INSERT INTO feature_group_entry (group_id,member_feature_id) VALUES (29,813);
INSERT INTO feature_group_entry (group_id,member_feature_id) VALUES (30,966);
INSERT INTO feature_group_entry (group_id,member_feature_id) VALUES (30,968);
INSERT INTO feature_group_entry (group_id,member_feature_id) VALUES (30,959);
INSERT INTO feature_group_entry (group_id,member_feature_id) VALUES (30,970);
INSERT INTO feature_group_entry (group_id,member_feature_id) VALUES (31,991);
INSERT INTO feature_group_entry (group_id,member_feature_id) VALUES (31,993);
INSERT INTO feature_group_entry (group_id,member_feature_id) VALUES (31,995);
INSERT INTO feature_group_entry (group_id,member_feature_id) VALUES (32,1008);
INSERT INTO feature_group_entry (group_id,member_feature_id) VALUES (32,1009);
INSERT INTO feature_group_entry (group_id,member_feature_id) VALUES (32,1014);
INSERT INTO feature_group_entry (group_id,member_feature_id) VALUES (33,1087);
INSERT INTO feature_group_entry (group_id,member_feature_id) VALUES (33,1088);
INSERT INTO feature_group_entry (group_id,member_feature_id) VALUES (33,1089);
INSERT INTO feature_group_entry (group_id,member_feature_id) VALUES (34,1138);
INSERT INTO feature_group_entry (group_id,member_feature_id) VALUES (34,1139);
INSERT INTO feature_group_entry (group_id,member_feature_id) VALUES (34,1140);
INSERT INTO settings_value (id,description,value) VALUES (1,'Image download on data network',1);
INSERT INTO settings_value (id,description,value) VALUES (2,'Display Navigation Menu on Start up',0);
INSERT INTO settings_value (id,description,value) VALUES (3,'Frequently viewed list size',-1);
INSERT INTO settings_value (id,description,value) VALUES (4,'Manual image download count',0);
INSERT INTO settings_value (id,description,value) VALUES (5,'Article text font size',16);
INSERT INTO notification_info (feature_id,inclution_filter,exclution_filter) VALUES (141,'tesla&$%&$%einstein&$%&$%plank','edison&$%&$%napit');
INSERT INTO notification_info (feature_id,inclution_filter,exclution_filter) VALUES (142,'google&$%&$%twitter&$%&$%apple','facebook&$%&$%microsoft');
UPDATE feature SET is_favourite=1 WHERE id IN(2,4,155,544,702,348);